{
  "font": "./src/assets/font/iconfont.css",
  "header": "./packages/header/index.js",
  "button": "./packages/button/index.js",
  "cell": "./packages/cell/index.js",
  "cell-swipe": "./packages/cell-swipe/index.js",
  "field": "./packages/field/index.js",
  "badge": "./packages/badge/index.js",
  "switch": "./packages/switch/index.js",
  "spinner": "./packages/spinner/index.js",
  "tab-item": "./packages/tab-item/index.js",
  "tab-container-item": "./packages/tab-container-item/index.js",
  "tab-container": "./packages/tab-container/index.js",
  "navbar": "./packages/navbar/index.js",
  "tabbar": "./packages/tabbar/index.js",
  "search": "./packages/search/index.js",
  "checklist": "./packages/checklist/index.js",
  "radio": "./packages/radio/index.js",
  "loadmore": "./packages/loadmore/index.js",
  "actionsheet": "./packages/actionsheet/index.js",
  "popup": "./packages/popup/index.js",
  "swipe": "./packages/swipe/index.js",
  "swipe-item": "./packages/swipe-item/index.js",
  "range": "./packages/range/index.js",
  "picker": "./packages/picker/index.js",
  "progress": "./packages/progress/index.js",
  "toast": "./packages/toast/index.js",
  "indicator": "./packages/indicator/index.js",
  "message-box": "./packages/message-box/index.js",
  "infinite-scroll": "./packages/infinite-scroll/index.js",
  "lazyload": "./packages/lazyload/index.js",
  "datetime-picker": "./packages/datetime-picker/index.js",
  "index-list": "./packages/index-list/index.js",
  "index-section": "./packages/index-section/index.js",
  "palette-button": "./packages/palette-button/index.js"
}